Sequence,Outcome
"		tgctatcctgacagttgtcacgctgattggtgtcgttacaatctaacgcatcgccaa",1
"		gtactagagaactagtgcattagcttatttttttgttatcatgctaaccacccggcg",1
"	aattgtgatgtgtatcgaagtgtgttgcggagtagatgttagaatactaacaaactc",1
"	tcgataattaactattgacgaaaagctgaaaaccactagaatgcgcctccgtggtag",1
"	aggggcaaggaggatggaaagaggttgccgtataaagaaactagagtccgtttaggt",1
"		cagggggtggaggatttaagccatctcctgatgacgcatagtcagcccatcatgaat",1
"		tttctacaaaacacttgatactgtatgagcatacagtataattgcttcaacagaaca",1
"		cgacttaatatactgcgacaggacgtccgttctgtgtaaatcgcaatgaaatggttt",1
"	ttttaaatttcctcttgtcaggccggaataactccctataatgcgccaccactgaca",1
"	gcaaaaataaatgcttgactctgtagcgggaaggcgtattatgcacaccccgcgccg",1
"	cctgaaattcagggttgactctgaaagaggaaagcgtaatatacgccacctcgcgac",1
"	gatcaaaaaaatacttgtgcaaaaaattgggatccctataatgcgcctccgttgaga",1
"	ctgcaatttttctattgcggcctgcggagaactccctataatgcgcctccatcgaca",1
"	tttatatttttcgcttgtcaggccggaataactccctataatgcgccaccactgaca",1
"	aagcaaagaaatgcttgactctgtagcgggaaggcgtattatgcacaccgccgcgcc",1
"	atgcatttttccgcttgtcttcctgagccgactccctataatgcgcctccatcgaca",1
"		aaacaatttcagaatagacaaaaactctgagtgtaataatgtagcctcgtgtcttgc",1
"		tctcaacgtaacactttacagcggcgcgtcatttgatatgatgcgccccgcttcccg",1
"		gcaaataatcaatgtggacttttctgccgtgattatagacacttttgttacgcgttt",1
"		gacaccatcgaatggcgcaaaacctttcgcggtatggcatgatagcgcccggaagag",1
"		aaaaacgtcatcgcttgcattagaaaggtttctggccgaccttataaccattaatta",1
"		tctgaaatgagctgttgacaattaatcatcgaactagttaactagtacgcaagttca",1
"	accggaagaaaaccgtgacattttaacacgtttgttacaaggtaaaggcgacgccgc",1
"		aaattaaaattttattgacttaggtcactaaatactttaaccaatataggcatagcg",1
"		ttgtcataatcgacttgtaaaccaaattgaaaagatttaggtttacaagtctacacc",1
"		catcctcgcaccagtcgacgacggtttacgctttacgtatagtggcgacaatttttt",1
"	tccagtataatttgttggcataattaagtacgacgagtaaaattacatacctgcccg",1
"	acagttatccactattcctgtggataaccatgtgtattagagttagaaaacacgagg",1
"		tgtgcagtttatggttccaaaatcgccttttgctgtatatactcacagcataactgt",1
"	ctgttgttcagtttttgagttgtgtataacccctcattctgatcccagcttatacgg",1
"	attacaaaaagtgctttctgaactgaacaaaaaagagtaaagttagtcgcgtagggt",1
"	atgcgcaacgcggggtgacaagggcgcgcaaaccctctatactgcgcgccgaagctg",1
"		taaaaaactaacagttgtcagcctgtcccgcttataagatcatacgccgttatacgt",1
"		atgcaattttttagttgcatgaactcgcatgtctccatagaatgcgcgctacttgat",1
"	ccttgaaaaagaggttgacgctgcaaggctctatacgcataatgcgccccgcaacgc",1
"		tcgttgtatatttcttgacaccttttcggcatcgccctaaaattcggcgtcctcata",1
"		ccgtttattttttctacccatatccttgaagcggtgttataatgccgcgccctcgat",1
"		ttcgcatatttttcttgcaaagttgggttgagctggctagattagccagccaatctt",1
"		tgtaaactaatgcctttacgtgggcggtgattttgtctacaatcttacccccacgta",1
"	gatcgcacgatctgtatacttatttgagtaaattaacccacgatcccagccattctt",1
"		aacgcatacggtattttaccttcccagtcaagaaaacttatcttattcccacttttc",1
"	ttagcggatcctacctgacgctttttatcgcaactctctactgtttctccatacccg",1
"		gccttctccaaaacgtgttttttgttgttaattcggtgtagacttgtaaacctaaat",1
"	cagaaacgttttattcgaacatcgatctcgtcttgtgttagaattctaacatacggt",1
"	cactaatttattccatgtcacacttttcgcatctttgttatgctatggttatttcat",1
"		atataaaaaagttcttgctttctaacgtgaaagtggtttaggttaaaagacatcagt",1
"		caaggtagaatgctttgccttgtcggcctgattaatggcacgatagtcgcatcggat",1
"	ggccaaaaaatatcttgtactatttacaaaacctatggtaactctttaggcattcct",1
"	taggcaccccaggctttacactttatgcttccggctcgtatgttgtgtggaattgtg",1
"		atatgaacgttgagactgccgctgagttatcagctgtgaacgacattctggcgtcta",0
"		cgaacgagtcaatcagaccgctttgactctggtattactgtgaacattattcgtctc",0
"		caatggcctctaaacgggtcttgaggggttttttgctgaaaggaggaactatatgcg",0
"		ttgacctactacgccagcattttggcggtgtaagctaaccattccggttgactcaat",0
"		cgtctatcggtgaacctccggtatcaacgctggaaggtgacgctaacgcagatgcag",0
"		gccaatcaatcaagaacttgaagggtggtatcagccaacagcctgacatccttcgtt",0
"		tggatggacgttcaacattgaggaaggcataacgctactacctgatgtttactccaa",0
"		gaggtggctatgtgtatgaccgaacgagtcaatcagaccgctttgactctggtatta",0
"		cgtagcgcatcagtgctttcttactgtgagtacgcaccagcgccagaggacgacgac",0
"		cgaccgaagcgagcctcgtcctcaatggcctctaaacgggtcttgaggggttttttg",0
"		ctacggtgggtacaatatgctggatggagatgcgttcacttctggtctactgactcg",0
"		atagtctcagagtcttgacctactacgccagcattttggcggtgtaagctaaccatt",0
"		aactcaaggctgatacggcgagacttgcgagccttgtccttgcggtacacagcagcg",0
"		ttactgtgaacattattcgtctccgcgactacgatgagatgcctgagtgcttccgtt",0
"		tattctcaacaagattaaccgacagattcaatctcgtggatggacgttcaacattga",0
"		aacgagtcaatcagaccgctttgactctggtattactgtgaacattattcgtctccg",0
"		aagtgcttagcttcaaggtcacggatacgaccgaagcgagcctcgtcctcaatggcc",0
"		gaagaccacgcctcgccaccgagtagacccttagagagcatgtcagcctcgacaact",0
"		ttagagagcatgtcagcctcgacaacttgcataaatgctttcttgtagacgtgccct",0
"		tattcgtctccgcgactacgatgagatgcctgagtgcttccgttactggattgtcac",0
"		tgctgaaaggaggaactatatgcgctcatacgatatgaacgttgagactgccgctga",0
"		catgaactcaaggctgatacggcgagacttgcgagccttgtccttgcggtacacagc",0
"		ttcgtctccgcgactacgatgagatgcctgagtgcttccgttactggattgtcacca",0
"		catgtcagcctcgacaacttgcataaatgctttcttgtagacgtgccctacgcgctt",0
"		aggaggaactacgcaaggttggaacatcggagagatgccagccagcgcacctgcacg",0
"		tctcaacaagattaaccgacagattcaatctcgtggatggacgttcaacattgagga",0
"		tgaagtgcttagcttcaaggtcacggatacgaccgaagcgagcctcgtcctcaatgg",0
"		ctatatgcgctcatacgatatgaacgttgagactgccgctgagttatcagctgtgaa",0
"		gcggcagcacgtttccacgcggtgagagcctcaggattcatgtcgatgtcttccggt",0
"		atccctaatgtctacttccggtcaatccatctacgttaaccgaggtggctatgtgta",0
"		tggcgtctatcggtgaacctccggtatcaacgctggaaggtgacgctaacgcagatg",0
"		tctcgtggatggacgttcaacattgaggaaggcataacgctactacctgatgtttac",0
"		tattggcttgctcaagcatgaactcaaggctgatacggcgagacttgcgagccttgt",0
"		tagagggtgtactccaagaagaggaagatgaggctagacgtctctgcatggagtatg",0
"		cagcggcagcacgtttccacgcggtgagagcctcaggattcatgtcgatgtcttccg",0
"		ttacgttggcgaccgctaggactttcttgttgattttccatgcggtgttttgcgcaa",0
"		acgctaacgcagatgcagcgaacgctcggcgtattctcaacaagattaaccgacaga",0
"		ggtgttttgcgcaatgttaatcgctttgtacacctcaggcatgtaaacgtcttcgta",0
"		aaccattccggttgactcaatgagcatctcgatgcagcgtactcctacatgaataga",0
"		agacgtctctgcatggagtatgagatggactacggtgggtacaatatgctggatgga",0
"		tgttgattttccatgcggtgttttgcgcaatgttaatcgctttgtacacctcaggca",0
"		tgcacgggttgcgatagcctcagcgtattcaggtgcgagttcgatagtctcagagtc",0
"		aggcatgtaaacgtcttcgtagcgcatcagtgctttcttactgtgagtacgcaccag",0
"		ccgagtagacccttagagagcatgtcagcctcgacaacttgcataaatgctttcttg",0
"		cgctaggactttcttgttgattttccatgcggtgttttgcgcaatgttaatcgcttt",0
"		tatgaccgaacgagtcaatcagaccgctttgactctggtattactgtgaacattatt",0
"		agagggtgtactccaagaagaggaagatgaggctagacgtctctgcatggagtatga",0
"		gagagcatgtcagcctcgacaacttgcataaatgctttcttgtagacgtgccctacg",0
"		cctcaatggcctctaaacgggtcttgaggggttttttgctgaaaggaggaactatat",0
"		gtattctcaacaagattaaccgacagattcaatctcgtggatggacgttcaacattg",0
